Workbook

Sheet Instruções
A1: MODELO PARA PREENCHIMENTO — Planilha de acertos e faltas
A2: AOC — Laboratório de Circuitos — Versão Introdutória — Parte I (Seção 5.5 do enunciado)
A5: COMO PREENCHER
A7: 1. As células em AMARELO são as que você deve preencher. As células em AZUL contêm os dados
A8: fornecidos pelo enunciado (endereço e operação) e não devem ser alteradas.
A10: 2. As colunas endereco_bin, rotulo, indice, deslocamento, resultado e tipo_falta devem ser
A11: obtidas por FÓRMULA a partir da coluna endereco_hex. Valores digitados manualmente
A12: custam metade da pontuação do critério 4 da rubrica.
A14: 3. Os cinco primeiros acessos da aba 'Traço Principal' já estão resolvidos como exemplo de
A15: formato. Estude as fórmulas dessas linhas e arraste-as para baixo.
A17: 4. As colunas L a O (L0 a L3) simulam o rótulo residente em cada uma das quatro linhas da cache
A18: após cada acesso. É esse bloco auxiliar que permite descobrir o estado ANTERIOR da linha
... A26: FUNÇÕES ÚTEIS: DEC2BIN, HEX2DEC, BIN2DEC, MID, LEFT, RIGHT, INDEX, IF, AND, COUNTIF.

Sheet Traço Principal
A1: acesso | B1: endereco_hex | C1: endereco_bin | D1: rotulo | E1: indice | F1: deslocamento | G1: valido_antes | H1: rotulo_armazenado_antes | I1: resultado | J1: tipo_falta | K1: rotulo_apos | L1: L0 | M1: L1 | N1: L2 | O1: L3
A2: reset | B2: cache invalidada | L2: - | M2: - | N2: - | O2: -
A3: 1 | B3: 0x00 | C3: =DEC2BIN(HEX2DEC(MID(B3,3,2)),6) -> 000000 | D3: =LEFT(C3,3) -> 000 | E3: =MID(C3,4,2) -> 00 | F3: =RIGHT(C3,1) -> 0 | G3: =IF(H3="-",0,1) -> 0 | H3: =INDEX(L2:O2,1,BIN2DEC(E3)+1) -> - | I3: =IF(AND(G3=1,H3=D3),"ACERTO","FALTA") -> FALTA | J3: =IF(I3="ACERTO","",IF(G3=0,"compulsoria","conflito")) -> compulsoria | K3: =D3 -> 000 | L3: =IF($E3="00",$K3,L2) -> 000 | M3: =IF($E3="01",$K3,M2) -> - | N3: =IF($E3="10",$K3,N2) -> - | O3: =IF($E3="11",$K3,O2) -> -
A4: 2 | B4: 0x01 | C4: =DEC2BIN(HEX2DEC(MID(B4,3,2)),6) -> 000001 | D4: =LEFT(C4,3) -> 000 | E4: =MID(C4,4,2) -> 00 | F4: =RIGHT(C4,1) -> 1 | G4: =IF(H4="-",0,1) -> 1 | H4: =INDEX(L3:O3,1,BIN2DEC(E4)+1) -> 000 | I4: =IF(AND(G4=1,H4=D4),"ACERTO","FALTA") -> ACERTO | J4: =IF(I4="ACERTO","",IF(G4=0,"compulsoria","conflito")) | K4: =D4 -> 000 | L4: =IF($E4="00",$K4,L3) -> 000 | M4: =IF($E4="01",$K4,M3) -> - | N4: =IF($E4="10",$K4,N3) -> - | O4: =IF($E4="11",$K4,O3) -> -
A5: 3 | B5: 0x02 | C5: =DEC2BIN(HEX2DEC(MID(B5,3,2)),6) -> 000010 | D5: =LEFT(C5,3) -> 000 | E5: =MID(C5,4,2) -> 01 | F5: =RIGHT(C5,1) -> 0 | G5: =IF(H5="-",0,1) -> 0 | H5: =INDEX(L4:O4,1,BIN2DEC(E5)+1) -> - | I5: =IF(AND(G5=1,H5=D5),"ACERTO","FALTA") -> FALTA | J5: =IF(I5="ACERTO","",IF(G5=0,"compulsoria","conflito")) -> compulsoria | K5: =D5 -> 000 | L5: =IF($E5="00",$K5,L4) -> 000 | M5: =IF($E5="01",$K5,M4) -> 000 | N5: =IF($E5="10",$K5,N4) -> - | O5: =IF($E5="11",$K5,O4) -> -
A6: 4 | B6: 0x03 | C6: =DEC2BIN(HEX2DEC(MID(B6,3,2)),6) -> 000011 | D6: =LEFT(C6,3) -> 000 | E6: =MID(C6,4,2) -> 01 | F6: =RIGHT(C6,1) -> 1 | G6: =IF(H6="-",0,1) -> 1 | H6: =INDEX(L5:O5,1,BIN2DEC(E6)+1) -> 000 | I6: =IF(AND(G6=1,H6=D6),"ACERTO","FALTA") -> ACERTO | J6: =IF(I6="ACERTO","",IF(G6=0,"compulsoria","conflito")) | K6: =D6 -> 000 | L6: =IF($E6="00",$K6,L5) -> 000 | M6: =IF($E6="01",$K6,M5) -> 000 | N6: =IF($E6="10",$K6,N5) -> - | O6: =IF($E6="11",$K6,O5) -> -
A7: 5 | B7: 0x00 | C7: =DEC2BIN(HEX2DEC(MID(B7,3,2)),6) -> 000000 | D7: =LEFT(C7,3) -> 000 | E7: =MID(C7,4,2) -> 00 | F7: =RIGHT(C7,1) -> 0 | G7: =IF(H7="-",0,1) -> 1 | H7: =INDEX(L6:O6,1,BIN2DEC(E7)+1) -> 000 | I7: =IF(AND(G7=1,H7=D7),"ACERTO","FALTA") -> ACERTO | J7: =IF(I7="ACERTO","",IF(G7=0,"compulsoria","conflito")) | K7: =D7 -> 000 | L7: =IF($E7="00",$K7,L6) -> 000 | M7: =IF($E7="01",$K7,M6) -> 000 | N7: =IF($E7="10",$K7,N6) -> - | O7: =IF($E7="11",$K7,O6) -> -
A8: 6 | B8: 0x20 | C8: =DEC2BIN(HEX2DEC(MID(B8,3,2)),6) -> 100000 | D8: =LEFT(C8,3) -> 100 | E8: =MID(C8,4,2) -> 00 | F8: =RIGHT(C8,1) -> 0 | G8: =IF(H8="-",0,1) -> 1 | H8: =INDEX(L7:O7,1,BIN2DEC(E8)+1) -> 000 | I8: =IF(AND(G8=1,H8=D8),"ACERTO","FALTA") -> FALTA | J8: =IF(I8="ACERTO","",IF(G8=0,"compulsoria","conflito")) -> conflito | K8: =D8 -> 100 | L8: =IF($E8="00",$K8,L7) -> 100 | M8: =IF($E8="01",$K8,M7) -> 000 | N8: =IF($E8="10",$K8,N7) -> - | O8: =IF($E8="11",$K8,O7) -> -
A9: 7 | B9: 0x21 | C9: =DEC2BIN(HEX2DEC(MID(B9,3,2)),6) -> 100001 | D9: =LEFT(C9,3) -> 100 | E9: =MID(C9,4,2) -> 00 | F9: =RIGHT(C9,1) -> 1 | G9: =IF(H9="-",0,1) -> 1 | H9: =INDEX(L8:O8,1,BIN2DEC(E9)+1) -> 100 | I9: =IF(AND(G9=1,H9=D9),"ACERTO","FALTA") -> ACERTO | J9: =IF(I9="ACERTO","",IF(G9=0,"compulsoria","conflito")) | K9: =D9 -> 100 | L9: =IF($E9="00",$K9,L8) -> 100 | M9: =IF($E9="01",$K9,M8) -> 000 | N9: =IF($E9="10",$K9,N8) -> - | O9: =IF($E9="11",$K9,O8) -> -
A10: 8 | B10: 0x00 | C10: =DEC2BIN(HEX2DEC(MID(B10,3,2)),6) -> 000000 | D10: =LEFT(C10,3) -> 000 | E10: =MID(C10,4,2) -> 00 | F10: =RIGHT(C10,1) -> 0 | G10: =IF(H10="-",0,1) -> 1 | H10: =INDEX(L9:O9,1,BIN2DEC(E10)+1) -> 100 | I10: =IF(AND(G10=1,H10=D10),"ACERTO","FALTA") -> FALTA | J10: =IF(I10="ACERTO","",IF(G10=0,"compulsoria","conflito")) -> conflito | K10: =D10 -> 000 | L10: =IF($E10="00",$K10,L9) -> 000 | M10: =IF($E10="01",$K10,M9) -> 000 | N10: =IF($E10="10",$K10,N9) -> - | O10: =IF($E10="11",$K10,O9) -> -
A11: 9 | B11: 0x04 | C11: =DEC2BIN(HEX2DEC(MID(B11,3,2)),6) -> 000100 | D11: =LEFT(C11,3) -> 000 | E11: =MID(C11,4,2) -> 10 | F11: =RIGHT(C11,1) -> 0 | G11: =IF(H11="-",0,1) -> 0 | H11: =INDEX(L10:O10,1,BIN2DEC(E11)+1) -> - | I11: =IF(AND(G11=1,H11=D11),"ACERTO","FALTA") -> FALTA | J11: =IF(I11="ACERTO","",IF(G11=0,"compulsoria","conflito")) -> compulsoria | K11: =D11 -> 000 | L11: =IF($E11="00",$K11,L10) -> 000 | M11: =IF($E11="01",$K11,M10) -> 000 | N11: =IF($E11="10",$K11,N10) -> 000 | O11: =IF($E11="11",$K11,O10) -> -
A12: 10 | B12: 0x05 | C12: =DEC2BIN(HEX2DEC(MID(B12,3,2)),6) -> 000101 | D12: =LEFT(C12,3) -> 000 | E12: =MID(C12,4,2) -> 10 | F12: =RIGHT(C12,1) -> 1 | G12: =IF(H12="-",0,1) -> 1 | H12: =INDEX(L11:O11,1,BIN2DEC(E12)+1) -> 000 | I12: =IF(AND(G12=1,H12=D12),"ACERTO","FALTA") -> ACERTO | J12: =IF(I12="ACERTO","",IF(G12=0,"compulsoria","conflito")) | K12: =D12 -> 000 | L12: =IF($E12="00",$K12,L11) -> 000 | M12: =IF($E12="01",$K12,M11) -> 000 | N12: =IF($E12="10",$K12,N11) -> 000 | O12: =IF($E12="11",$K12,O11) -> -
A13: 11 | B13: 0x06 | C13: =DEC2BIN(HEX2DEC(MID(B13,3,2)),6) -> 000110 | D13: =LEFT(C13,3) -> 000 | E13: =MID(C13,4,2) -> 11 | F13: =RIGHT(C13,1) -> 0 | G13: =IF(H13="-",0,1) -> 0 | H13: =INDEX(L12:O12,1,BIN2DEC(E13)+1) -> - | I13: =IF(AND(G13=1,H13=D13),"ACERTO","FALTA") -> FALTA | J13: =IF(I13="ACERTO","",IF(G13=0,"compulsoria","conflito")) -> compulsoria | K13: =D13 -> 000 | L13: =IF($E13="00",$K13,L12) -> 000 | M13: =IF($E13="01",$K13,M12) -> 000 | N13: =IF($E13="10",$K13,N12) -> 000 | O13: =IF($E13="11",$K13,O12) -> 000
A14: 12 | B14: 0x07 | C14: =DEC2BIN(HEX2DEC(MID(B14,3,2)),6) -> 000111 | D14: =LEFT(C14,3) -> 000 | E14: =MID(C14,4,2) -> 11 | F14: =RIGHT(C14,1) -> 1 | G14: =IF(H14="-",0,1) -> 1 | H14: =INDEX(L13:O13,1,BIN2DEC(E14)+1) -> 000 | I14: =IF(AND(G14=1,H14=D14),"ACERTO","FALTA") -> ACERTO | J14: =IF(I14="ACERTO","",IF(G14=0,"compulsoria","conflito")) | K14: =D14 -> 000 | L14: =IF($E14="00",$K14,L13) -> 000 | M14: =IF($E14="01",$K14,M13) -> 000 | N14: =IF($E14="10",$K14,N13) -> 000 | O14: =IF($E14="11",$K14,O13) -> 000
... A18: 16 | B18: 0x03 | C18: =DEC2BIN(HEX2DEC(MID(B18,3,2)),6) -> 000011 | D18: =LEFT(C18,3) -> 000 | E18: =MID(C18,4,2) -> 01 | F18: =RIGHT(C18,1) -> 1 | G18: =IF(H18="-",0,1) -> 1 | H18: =INDEX(L17:O17,1,BIN2DEC(E18)+1) -> 000 | I18: =IF(AND(G18=1,H18=D18),"ACERTO","FALTA") -> ACERTO | J18: =IF(I18="ACERTO","",IF(G18=0,"compulsoria","conflito")) | K18: =D18 -> 000 | L18: =IF($E18="00",$K18,L17) -> 000 | M18: =IF($E18="01",$K18,M17) -> 000 | N18: =IF($E18="10",$K18,N17) -> 000 | O18: =IF($E18="11",$K18,O17) -> 000
A20: Colunas L a O (L0..L3): rótulo residente em cada linha da cache APÓS o acesso. São colunas auxiliares de simulação — mantenha-as. Colunas em azul são dados fornecidos pelo enunciado; não alterar.

Sheet Teste de Conflito
A1: acesso | B1: endereco_hex | C1: endereco_bin | D1: rotulo | E1: indice | F1: deslocamento | G1: valido_antes | H1: rotulo_armazenado_antes | I1: resultado | J1: tipo_falta | K1: rotulo_apos | L1: L0 | M1: L1 | N1: L2 | O1: L3
A2: reset | B2: cache invalidada | L2: - | M2: - | N2: - | O2: -
A3: 1 | B3: 0x10 | C3: =DEC2BIN(HEX2DEC(MID(B3,3,2)),6) -> 010000 | D3: =LEFT(C3,3) -> 010 | E3: =MID(C3,4,2) -> 00 | F3: =RIGHT(C3,1) -> 0 | G3: =IF(H3="-",0,1) -> 0 | H3: =INDEX(L2:O2,1,BIN2DEC(E3)+1) -> - | I3: =IF(AND(G3=1,H3=D3),"ACERTO","FALTA") -> FALTA | J3: =IF(I3="ACERTO","",IF(G3=0,"compulsoria","conflito")) -> compulsoria | K3: =D3 -> 010 | L3: =IF($E3="00",$K3,L2) -> 010 | M3: =IF($E3="01",$K3,M2) -> - | N3: =IF($E3="10",$K3,N2) -> - | O3: =IF($E3="11",$K3,O2) -> -
A4: 2 | B4: 0x18 | C4: =DEC2BIN(HEX2DEC(MID(B4,3,2)),6) -> 011000 | D4: =LEFT(C4,3) -> 011 | E4: =MID(C4,4,2) -> 00 | F4: =RIGHT(C4,1) -> 0 | G4: =IF(H4="-",0,1) -> 1 | H4: =INDEX(L3:O3,1,BIN2DEC(E4)+1) -> 010 | I4: =IF(AND(G4=1,H4=D4),"ACERTO","FALTA") -> FALTA | J4: =IF(I4="ACERTO","",IF(G4=0,"compulsoria","conflito")) -> conflito | K4: =D4 -> 011 | L4: =IF($E4="00",$K4,L3) -> 011 | M4: =IF($E4="01",$K4,M3) -> - | N4: =IF($E4="10",$K4,N3) -> - | O4: =IF($E4="11",$K4,O3) -> -
A5: 3 | B5: 0x28 | C5: =DEC2BIN(HEX2DEC(MID(B5,3,2)),6) -> 101000 | D5: =LEFT(C5,3) -> 101 | E5: =MID(C5,4,2) -> 00 | F5: =RIGHT(C5,1) -> 0 | G5: =IF(H5="-",0,1) -> 1 | H5: =INDEX(L4:O4,1,BIN2DEC(E5)+1) -> 011 | I5: =IF(AND(G5=1,H5=D5),"ACERTO","FALTA") -> FALTA | J5: =IF(I5="ACERTO","",IF(G5=0,"compulsoria","conflito")) -> conflito | K5: =D5 -> 101 | L5: =IF($E5="00",$K5,L4) -> 101 | M5: =IF($E5="01",$K5,M4) -> - | N5: =IF($E5="10",$K5,N4) -> - | O5: =IF($E5="11",$K5,O4) -> -
A6: 4 | B6: 0x38 | C6: =DEC2BIN(HEX2DEC(MID(B6,3,2)),6) -> 111000 | D6: =LEFT(C6,3) -> 111 | E6: =MID(C6,4,2) -> 00 | F6: =RIGHT(C6,1) -> 0 | G6: =IF(H6="-",0,1) -> 1 | H6: =INDEX(L5:O5,1,BIN2DEC(E6)+1) -> 101 | I6: =IF(AND(G6=1,H6=D6),"ACERTO","FALTA") -> FALTA | J6: =IF(I6="ACERTO","",IF(G6=0,"compulsoria","conflito")) -> conflito | K6: =D6 -> 111 | L6: =IF($E6="00",$K6,L5) -> 111 | M6: =IF($E6="01",$K6,M5) -> - | N6: =IF($E6="10",$K6,N5) -> - | O6: =IF($E6="11",$K6,O5) -> -
A8: Colunas L a O (L0..L3): rótulo residente em cada linha da cache APÓS o acesso. São colunas auxiliares de simulação — mantenha-as. Colunas em azul são dados fornecidos pelo enunciado; não alterar.

Sheet Resumo
A1: PARÂMETROS DA CACHE (fornecidos — Tabela 7 do enunciado)
A2: Organização | B2: Mapeamento direto | D2: Fixo pelo enunciado.
A3: Número de linhas | B3: 4 | D3: Fixo pelo enunciado.
A4: Tamanho do bloco (bytes) | B4: 2 | D4: Fixo pelo enunciado.
A5: Bits de rótulo / índice / deslocamento | B5: 3 / 2 / 1 | D5: Demonstrar algebricamente no relatório.
A6: Operações atendidas | B6: somente leitura | D6: Não há política de escrita nesta versão.
A7: Tempo de acerto (ciclos) | B7: 1 | D7: Fixo pelo enunciado.
A8: Penalidade de falta (ciclos) | B8: 8 | D8: Fixo pelo enunciado.
A10: INDICADORES — TRAÇO PRINCIPAL
A11: Total de acessos | B11: =COUNTA('Traço Principal'!A2:A17) -> 16
A12: Acertos | B12: =COUNTIF('Traço Principal'!I2:I17,"ACERTO") -> 7
A13: Faltas | B13: =COUNTIF('Traço Principal'!I2:I17,"FALTA") -> 8
A14: Faltas compulsórias | B14: =COUNTIF('Traço Principal'!J2:J17,"conflito") -> 4
A15: Faltas por conflito | B15: =B13/B11 -> 0.5
A16: Taxa de acertos | B16: =B13/B11 -> 0.5 | D16: Taxa de acertos = acertos / total de acessos
A17: Taxa de faltas | B17: =B13/B11 -> 0.5
A18: AMAT (ciclos) | B18: =$B$7+(B17*$B$8) -> 5 | D18: AMAT = tempo de acerto + (taxa de faltas × penalidade de falta)
A21: INDICADORES — TESTE DE CONFLITO
A22: Total de acessos | B22: =COUNTA('Teste de Conflito'!A2:A5) -> 4
A23: Acertos | B23: =COUNTA('Teste de Conflito'!A2:A5) -> 4
A24: Faltas | B24: =COUNTIF('Teste de Conflito'!I2:I5,"FALTA") -> 3
A25: Faltas compulsórias | B25: =COUNTIF('Teste de Conflito'!J2:J5,"compulsória") -> 0
A26: Faltas por conflito | B26: =COUNTIF('Teste de Conflito'!J2:J5,"conflito") -> 2
A27: Taxa de acertos | B27: =B23/B22 -> 1 | D27: Taxa de acertos = acertos / total de acessos
A28: Taxa de faltas | B28: =B24/B22 -> 0.75
A29: AMAT (ciclos) | B29: =$B$7+(B28*$B$8) -> 7 | D29: AMAT = tempo de acerto + (taxa de faltas × penalidade de falta)
